market,modal_price
Valpol,9791.666666666666
Pernem,3435.5
Mapusa,1626.4347826086957
Gadhinglaj,411.5
Narsingi,400.0
Sirsi,343.8158620689655
Yellapur,320.4225641025641
Koppa,320.0
Siddapur,319.86
Karkala,310.7142857142857
Gonikappal,238.4048598130841
Nippani,232.46940594059407
Kollengode,220.0
Sakaleshpura,193.34714285714287
Dumal,193.33333333333334
Thalasserry,180.41016949152544
Irikkur,166.755
Nagamangala,165.0
Taliparamba,143.47665369649806
Thodupuzha,140.4119170984456
Laskein,136.66666666666666
Tiptur,133.4941379310345
Moodigere,131.99944444444444
Kumta,129.2646875
Athani,128.7313953488372
Guntur,124.25961538461539
Sangola,123.58659217877096
Kannur,121.14285714285714
Sanquelim,120.0
Car Nicobar,119.6969696969697
Kuthuparambu,117.9873417721519
Parakkodu,116.99585062240664
Pandavapura,116.07142857142857
Turvekere,115.36885416666667
Shopian,113.21428571428571
Kuttoor,111.2283378746594
Nedumkandam,107.57272727272728
Kattappana,107.12605042016807
Byadagi,106.95346153846155
Kasargod,105.78947368421052
Pipar City,105.0
Harij,102.375
Kangeyam,99.714406779661
Virudhunagar,97.33333333333333
Andimadom,96.59009523809523
Manathavady,96.3645038167939
Rapar,95.71187845303866
Bilara,94.5
Anjar,94.19052631578947
Ponda,92.71428571428571
Sathyamangalam,92.623125
Moovattupuzha,91.65978456014362
Vav,91.47852941176471
Kalpetta,91.27807486631016
Vellakkoil,90.27170212765958
Maddur,90.0
Ezhamkulam,89.93073593073593
Bachau,89.82934426229508
Gobichettipalayam,89.63538461538461
Velur,89.184375
Kunigal,88.49333333333334
Mathania,88.35857142857142
Mandal,87.87662337662337
Payyannur,86.2578125
Dasada Patadi,85.52504672897197
Gubbi,84.95
Hindupur,84.375
Pandalam,81.2611111111111
Unjha,80.64559748427672
Jowai,79.75675675675676
Kianthukadavu,79.72916666666667
Somvarpet,78.99849162011174
Channagiri,78.9519512195122
Kundapura,78.68783333333334
Vandiperiyar,78.41165413533835
Tharad,77.79746355685131
Bhinmal,77.7
Jayamkondam,76.75424242424242
Arasikere,76.17082135523614
Ranniangadi,74.91235059760956
Jalukie,74.6086956521739
Irityy,74.48780487804878
Pulpally,74.36295154185022
Mechua,73.84848484848484
Sami,73.61899224806201
Sojat City,73.18029411764707
Chhabra(Chhipabadod),72.5
Hosanagar,71.8003125
Vansda(Limzar),71.71428571428571
Bangalore,71.6669658886894
Bhabhar,71.56421052631579
Sivagiri,71.22714285714287
Sanchor,71.025
Merta City,70.60285714285715
New Market Aizawl,70.02890173410404
Anaimalai,69.5075
Pethappampatti,69.4375
Nokha,69.33
Coimbatore,68.8125
Tiruchengode,68.81242424242424
Tarikere,68.71017391304348
Erode,68.28263157894737
Hiriyur,67.95462962962964
Aroor,67.87926447574334
Rasipuram,67.76315789473684
Babra,67.68583815028902
Perundurai,67.62367088607596
Radhanpur,66.74435096153846
Vijapur(Ladol),66.71875
Sangli,66.53122448979592
Junnar(Alephata),66.49134831460674
Annigeri,66.22536
Basmat(Kurunda),66.2
Namagiripettai,65.57685714285715
Lamlong Bazaar,65.31436781609196
Kurinchipadi,65.20752
Sohra,65.11111111111111
Halvad,64.9955289672544
Aralamoodu,63.9010989010989
Bajju,63.75
Kuchaman City,63.67
Ambejaogai,63.45
Chowmanu,63.343548387096774
Darjeeling,63.3375
Ramdurga,63.29053571428571
Wokha Town,62.92857142857143
Moolanur,62.796969696969704
Kamuthi,62.625
Kollam,62.55528846153846
Bailahongal,62.5
Neeleswaram,61.86831275720164
Nimapara,61.86619718309859
Bheenmal(Ranlwada),61.517857142857146
Aatpadi,61.4273076923077
Muthur,61.275
Bishramganj,61.188644688644686
Katwa,61.082142857142856
Vadodara,60.9375
Sanad,60.88162561576355
Basmat,60.709999999999994
Becharaji,60.487093235831814
Thoubal,60.25
Jumpuijala,60.20035460992908
Moreh,60.18181818181818
Adimali,60.16959247648902
Devani,59.86636363636364
Vankaner,59.8140198019802
Tumkur,59.69201277955271
Jamnagar,59.47232819074333
Rani,59.279399999999995
Kesinga,59.209090909090904
Imphal,59.1958762886598
Punalur,59.08683473389356
Thara,58.994401076716024
Kodumudi,58.9275
Kadur,58.73583333333333
Fruit Market,58.70873362445415
Vadakkenchery,58.66913123844732
Kanjangadu,58.627882599580715
Parlakhemundi,58.59664556962026
Khliehriat,58.53125
Amreli,58.48727329580988
Ganderbal,58.45151515151515
Sira,58.30571428571429
Kolathur,58.11538461538461
Jetpur(Dist.Rajkot),57.95436507936508
Madhavapuram,57.84195672624647
Chala,57.79311081441923
Kanakapura,57.49382352941176
Dhenkanal,57.38549618320611
Mahboob Manison,57.2734375
Jammikunta,57.269444444444446
Sevur,57.1921568627451
Attingal,57.10940170940171
Salem,56.839375
Bolangir,56.758620689655174
Bhesan,56.75526315789473
Hingna,56.75
Digapahandi,56.67680147058824
Kalawad,56.61796875
Pallahara,56.57115384615384
Goregaon,56.55333333333333
Porbandar,56.530020491803285
Bishalgarh,56.3771186440678
Botad(Haddad),56.356542056074765
Dhanera,56.342777242044356
Dhrol,56.2998514115899
Konganapuram,56.260000000000005
Pohari,56.25714285714286
Sultan bathery,56.25
Bhuj,56.05379746835443
Manavdar,56.0
Botad,55.73827586206897
Koduvayoor,55.70897615708275
Shillong,55.53790393013101
Teliamura,55.531592039801
Uthangarai,55.5
Upleta,55.47818181818182
Kayamkulam,55.334321372854916
Cuddapah,55.267500000000005
Ner Parasopant,55.260000000000005
Sasthamkotta,55.23664122137404
Kaliyanchanda,55.132841328413285
Pollachi,55.0921052631579
Dadengiri,55.05511811023622
Shrimushnam,55.02816513761468
Vadodara(Navapura),55.0
Kulai,54.943627450980394
Gondal,54.78993203883495
Jetpur-Pavi,54.75
North Lakhimpur,54.739999999999995
Duggirala,54.735625000000006
Kadi,54.685022421524664
Indravelly(Utnoor),54.683076923076925
Jainath,54.39666666666667
Indri,54.333333333333336
Munnar,54.31428571428572
Vedachandur,54.279545454545456
Rajkot,54.14301186178442
Ranebennur,54.069888268156426
Pampady,53.959154929577466
Jhargram,53.86338028169014
Bishenpur,53.666666666666664
Junagadh,53.65573770491803
Vessue,53.63636363636363
Tura,53.54016064257028
Pothencode,53.51485148514851
Kattakada,53.42629482071713
Kasinagar,53.298780487804876
Shimoga,53.26810810810811
Rongram,53.22727272727273
Bachaibari,53.19132867132867
Savarkundla,53.166355382619976
Limdi,53.05866666666667
Dhandhuka,52.96402439024391
Enkoor,52.875
Nasvadi,52.7
Jaleswar,52.558952702702705
Machalpur,52.5
Bikaner (Grain),52.497058823529414
Unava,52.40792682926829
Ralegaon,52.3
Siwani,52.28333333333333
Dindigul,52.25388888888889
Nasvadi(Thalkala),52.25
Bhattu Kalan,52.205000000000005
Kanjirappally,52.11940298507463
Giridih,52.047391304347826
Khammam,52.044832713754644
Warangal,52.04416829745597
Attur,52.03658536585366
Bodeli(Modasar),52.02277777777778
Avalurpet,51.97092814371258
Mandhal,51.94464285714286
Balugaon,51.907736389684814
Parali Vaijyanath,51.877613636363634
Boath,51.86857142857143
Manjeswaram,51.79553571428571
Khambha,51.72919191919191
Bodeli,51.717543859649126
Lohardaga,51.71666666666667
Sengoan,51.68674698795181
Chathanoor,51.67052023121387
Palakkad,51.61731391585761
Omalloor,51.61666666666667
Sonamura,51.44811529933481
Jind,51.25
Angamaly,51.18619934282585
Kuber,51.166666666666664
Bodeli(Kalediya),51.093589743589746
Dasda,51.02946428571428
Thrissur,51.019781718963166
Hingoli,50.96927536231884
Boha,50.925200000000004
Athirampuzha,50.85
Parkal,50.766666666666666
Bhadrawati,50.72666666666667
Peddapalli,50.672000000000004
Surajgarh,50.6210101010101
Thrippunithura,50.578133943903836
Malegaon(Vashim),50.56612903225806
Vellore,50.5614858096828
Bodeli(Hadod),50.40974025974026
Adilabad,50.31613636363636
Adoni,50.092330097087384
Halahali,50.02307692307692
Karanjia,49.96153846153846
Tosham,49.935483870967744
Kondotty,49.91943127962085
Thalavadi,49.90066666666667
Champaknagar,49.897440273037546
Baramati,49.75169014084507
Panthawada,49.71486486486487
Thalayolaparambu,49.56748071979435
Jasdan,49.40076923076923
Kangra,49.372410546139356
Dhing,49.36676300578034
Thiruppananthal,49.35703703703704
Kuruppanthura,49.352159468438536
Karjan,49.322758620689655
Palus,49.20176767676768
Korpana,49.166666666666664
Kothamangalam,49.04931714719272
Pakala,49.0
Bhind,48.90820512820513
Mahagaon,48.8
Gooti,48.785714285714285
Rajasingamangalam,48.75
Malout (Kilianwali),48.68714285714286
Palampur,48.59635346756152
Chavakkad,48.55779427359491
Thara(Shihori),48.49741052631579
Aluva,48.09893455098935
Anyara(EEC),48.056
Bhadravathi,48.04564748201439
Manjeri,47.96520681265207
Mehgaon,47.885238095238094
Yadgir,47.86105263157895
Barmer,47.858695652173914
Deesa(Bhildi),47.76404293381037
Garjee,47.70103626943005
Anchal,47.63867231638418
Lakhani,47.63308123249299
Udgir,47.605
Alappuzha,47.59341252699784
Hosadurga,47.5
Jamkandorna,47.5
Savanur,47.409303797468354
Mandya,47.31628472222222
Daryapur,47.27131147540984
Thirthahalli,47.25
Gangavalli,47.21
Alwar(FV),47.07692307692308
Mangrol,47.03465346534654
Elumathur,47.01432432432432
Bhor,47.0
Biokhora,46.97115879828326
Naigaon,46.93333333333334
Neemuch,46.920318930041155
Mottagaon,46.83870967741935
Chengannur,46.705962059620596
Saraskana,46.69047619047619
Silachhari,46.62368421052632
Ettumanoor,46.5970409051349
Purulia,46.552646755921735
Pattambi,46.547210300429185
Maranelloor,46.513513513513516
Niuland,46.45454545454545
Palanpur,46.302439024390246
Cheyyar,46.2522049689441
Nedumangadu,46.2484076433121
Visavadar,46.24590476190476
Umared,46.23444444444444
Valia,46.2
Tseminyu,46.125
Betnoti,46.12068965517241
Ding,46.08566176470588
Jamanian,46.01818181818182
Pala,45.9426523297491
Udupi,45.895
Sridungargarh,45.824999999999996
Sarangapur,45.76166666666666
Arvi,45.70961538461539
Sojat Road,45.68186046511628
Lakhandur,45.67928571428571
Anthiyur,45.627583333333334
Wadakkanchery,45.54798850574713
Ellanabad,45.49285714285715
Santir Bazar,45.472527472527474
Baripada,45.4040404040404
Chintamani,45.385751445086704
Boothapadi,45.385714285714286
Namakkal,45.38409090909091
Kurnool,45.339158536585366
Kasipur,45.22244094488189
Morbi,45.168196319018406
Dholpur,45.160000000000004
Perumbavoor,45.144883485309016
Kottakkal,45.14197329376855
Bonai,45.14074257425743
Bhikhi,45.13958333333333
Palam,45.115
Jalna(Badnapur),45.05083333333334
Sindhanur,45.01359307359307
Dharampuri,45.0
Jobat,45.0
ZariZamini,44.919999999999995
Talod(Harsol),44.915142857142854
Piravam,44.872548262548264
Shiggauv,44.75
Oddunchairum,44.70454545454545
Dholka,44.7
Banmorkalan,44.666666666666664
Kallakurichi,44.60331950207469
Amirgadh,44.527789473684216
Damoh,44.38661971830986
Avalpoonthurai,44.37766666666666
Siddhpur,44.37601374570447
Dharmabad,44.35
Jintur,44.33796296296296
Irinjalakkuda,44.32
Nalbari,44.29761904761905
Vijaypur,44.228571428571435
Sangat,44.19
Varanasi(Grain),44.12882865440465
Tindivanam,44.12622950819672
Madhugiri,44.09520408163265
Jaora,44.04126213592233
Bhavnagar,44.03292682926829
Guntakal,44.0
Papanasam,43.9
Hamirpur,43.897509254362774
Bhanvad,43.85466926070039
Jawala-Bajar,43.833333333333336
Gadwal,43.80804347826087
Doddaballa Pur,43.64625
Chitradurga,43.609702602230485
Kallachi,43.55769230769231
Akhadabalapur,43.4078947368421
Mannar,43.38903174603175
Rajura,43.324999999999996
Bijapur,43.31240274599543
Nutanbazar,43.21031746031746
Tharad(Rah),43.096923076923076
K.R. Pet,43.0125
Thirukovilur,43.01018442622951
Manasa,42.86722772277228
Chhabra,42.86717105263158
Thammampati,42.864285714285714
Tikabali,42.857142857142854
Kamakhyanagar,42.81180811808118
Quilandy,42.700764818355644
K.R.Nagar,42.69051282051282
Bathinda,42.57304625199362
Risod,42.524358974358975
Deedwana,42.5
Cuddalore,42.481385542168674
Purna,42.39928571428571
Armori(Desaiganj),42.39411764705883
Kangra(Jassour),42.39030883919063
Piplya,42.369032258064514
Karimganj,42.36538461538461
Gharsana,42.33
Challakere,42.31531531531532
Kaliaganj,42.28875
Huzzurabad,42.20722222222222
Malpura,42.140506329113926
Buldhana,42.107142857142854
Jagalur,42.08
Kinwat,42.00118644067797
Senjeri,41.9375
Pandhakawada,41.89718309859155
Pariyaram,41.833333333333336
Sainthia,41.78052536231884
Kudavasal,41.775294117647064
Jagdalpur,41.766
Kudchi,41.70209677419355
Pulgaon,41.65935897435897
Selu,41.61555555555556
Sadulpur,41.606
Harippad,41.596964586846546
Kantabaji,41.516129032258064
Barshi Takli,41.5
Jeerapur,41.475
Pavagada,41.45454545454545
Dimapur,41.44755244755245
Mohanpur,41.44133333333333
Deesa,41.414426002766255
Vani,41.39947368421053
Rajula,41.37696755994358
Kotputli,41.375
Mumbai,41.34568326271186
Sindi,41.28857142857142
Ariyalur Market,41.28408450704225
Khetia,41.276162790697676
Gingee,41.258407766990295
Kangra(Jaisinghpur),41.257566844919786
Sironj,41.2068115942029
Tapa(Tapa Mandi),41.17857142857143
Kosamba(Vankal),41.166666666666664
Uchana,41.16206060606061
Hadgaon(Tamsa),41.125
Nargunda,41.12309644670051
Barad,41.080000000000005
Parassala,41.04624277456647
Perinthalmanna,40.946587537091986
Pachaur,40.8922619047619
Dibrugarh,40.84375
Khajuwala,40.75787878787879
Samudrapur,40.71310344827587
Choubepur,40.71296994696524
Balarampur,40.69239436619718
Solan,40.682372505543235
Hirekerur,40.667088607594934
Punchaipuliyampatti,40.614814814814814
Aarni,40.55357142857143
Gunpur,40.489583333333336
Malegaon(Umarane),40.44929824561404
Vadgam,40.414312796208534
Chandur Railway,40.3775
Cherthala,40.37383522727273
Kulgam,40.362150537634406
Rawla,40.34297297297297
Vankaner(Sub yard),40.33522727272727
Raiganj,40.330882352941174
Ghatanji,40.317241379310346
Puramattom,40.26373626373626
Khamgaon,40.255696202531645
Dhoraji,40.15698557327259
Umarkhed,40.12407407407407
Barpathari,40.10550458715596
Kalsi,40.09090909090909
Bhiwapur,40.06294117647059
Jorhat,40.020108695652176
Dabwali,40.0
Aklera,39.983781190019194
Jafarganj,39.960513643659716
Vikkiravandi,39.94067975830816
Godabhaga,39.89263157894737
Nongpoh (R-Bhoi),39.888888888888886
Khedli(laxmangarh),39.86857142857143
Junagarh,39.861
Chethupattu,39.80833333333333
Garoth,39.75
Vamanapuram,39.62783505154639
Thiruvarur,39.60214285714285
Sagar,39.546875
Bareta,39.544380165289255
Lalgarh Jatan,39.51142857142857
Bidar,39.47261111111111
Gazipur,39.46176016469377
Sealdah Koley Market,39.457142857142856
Goluwala,39.415
Jullana,39.40137931034483
Gajsinghpur,39.35858823529412
Thalaivasal,39.358
Kailaras,39.34323076923077
Degana,39.3313063063063
Deeg,39.269999999999996
Khariar,39.26446808510638
Tenali,39.256410256410255
Visnagar,39.237272727272725
Tadkalas,39.22863636363636
Khariar Road,39.21579861111111
Gangakhed,39.161403508771926
Nabha,39.11856302108877
Mirzapur,39.11550971836573
Kottayam,39.061624649859944
Kesamudram,39.01634304207119
Kosamba(Zangvav),39.0
Ateli,39.0
Chalakudy,38.974137931034484
Bhawani Mandi,38.96478260869566
Virudhachalam,38.96391304347826
Pulwama (F&V),38.892857142857146
Dahod,38.883489208633094
Kullu,38.84120054570259
Itawa,38.82646888567294
Lunkaransar,38.821407407407406
Ashti,38.81818181818182
Rayagada(Muniguda),38.80952380952381
Bhuntar,38.785927051671734
Lashkar,38.75714285714286
Baghry,38.67142857142857
Chinnoar,38.666666666666664
Loha,38.64452380952381
Kasganj,38.61392569002123
Maksi,38.607692307692304
Boxonagar,38.6058
Daloda,38.57824034334764
Palayam,38.56710280373832
Parbhani,38.56211538461538
Lahar,38.506
Mehatpur,38.465406976744184
Kottarakkara,38.46242774566474
Shimla,38.45938104448743
Babhulgaon,38.443275862068965
Ganjbasoda,38.416666666666664
Mundaragi,38.41075356415479
Pratapgarh,38.39372825864538
Gonda,38.38912556053812
Kamalghat,38.36929824561403
Kodungalloor,38.30409356725146
Baran,38.26634814814815
Kunkuri,38.23846153846154
Soundati,38.17625
Chelakkara,38.162624768946394
Agar,38.12805194805195
Kalimpong,38.12432432432432
Laxmeshwar,38.06497512437811
Latur,38.060030864197536
Kurara,38.05544554455445
Kohima,38.048780487804876
Kesarisinghpur,38.04486486486487
Valangaiman,38.024
Gadag,38.006270042194096
Ulhasnagar,38.005797101449275
Kishangarh Renwal,38.0
Mahur,38.0
Kalyanpur,37.965019255455715
Sindi(Selu),37.96368600682594
Patan,37.960469387755104
Khedh(Bodaramev),37.91
Bhawanipatna,37.85638888888889
Nalkehda,37.85541411042945
Panipat,37.84624277456647
Beldanga,37.78947368421053
Piprai,37.776666666666664
Goalpara,37.765853658536585
Kilpennathur,37.765
Kolhapur,37.755229885057474
Alirajpur,37.7
Jangipura,37.62431318681319
Gajol,37.620440251572326
Iamailabad,37.58555555555556
Mugrabaadshahpur,37.575852585258524
Gandacharra,37.56084337349398
Nira,37.545641025641025
Hamirpur(Nadaun),37.51033966033966
Mysore (Bandipalya),37.48978666666667
Theni,37.45
Chithode,37.425862068965515
Kumbhraj,37.38611111111111
Vijapur,37.36043956043956
Karaikal,37.31142857142857
Sohela,37.269067796610166
Ashti(Karanja),37.255294117647054
Gurusarai,37.18828238719068
Panisagar,37.18021207177814
Khanpur,37.15456614509246
Thirurrangadi,37.15350943396226
Mandi(Mandi),37.10437037037037
Tusura,37.05882352941177
Siliguri,37.03092783505155
Ferozepur Cantt.,37.02859531772575
Sitmau,37.015454545454546
Ernakulam,37.0153452685422
Hadgaon,37.0
Bindki,36.99572346052134
Pongalur,36.96842105263158
Mehsana,36.930726872246694
Vijapur(Gojjariya),36.924789915966386
Karsiyang(Matigara),36.88732394366197
Rura,36.86913963328632
Kalamnuri,36.8
Vijapur(Kukarvada),36.796186440677964
Bethuadahari,36.79245283018868
Parappanangadi,36.78149705634987
K.Mandvi,36.750625
Tenning,36.73015873015873
Sri Madhopur,36.69476804123711
Anand,36.65
Wanaparthy town,36.64710526315789
Badod,36.63891891891892
Thiruppur,36.575
Khirakiya,36.541818181818186
Isagarh,36.50094339622641
Sankeshwar,36.44976190476191
Nagda,36.440000000000005
Amarawati,36.38757085020243
Jambusar(Kaavi),36.378571428571426
Chimur,36.360416666666666
Parimpore,36.34251273344652
Talcher,36.33039215686274
Balasinor,36.291666666666664
Murtizapur,36.28333333333333
Alwar,36.27777777777778
Tanda Urmur,36.25319926873858
Chittapur,36.25
Beawar,36.2400395256917
Jaitsar,36.228303571428576
Udumalpet,36.196296296296296
Batote,36.182539682539684
Yamuna Nagar,36.153645833333336
Chechat,36.15
Kathua,36.129746835443036
Bhawanigarh,36.12559090909091
Datia,36.096428571428575
Chotila,36.025
Aheri,36.0
Ankleshwar,35.975459307010475
Washim(Ansing),35.92011494252874
Banda,35.88159108378171
Bagalakot,35.845470588235294
Suratgarh,35.84250769230769
Sheopurkalan,35.79557441253264
Himatnagar,35.75249500998004
Bagasara,35.73948837209302
Una,35.73107932379714
Udgir(Devanibud),35.709259259259255
Kalamb,35.693548387096776
Mehsana(Jornang),35.692874692874696
Basava Kalayana,35.664835680751175
Melaghar,35.6546875
Kille Dharur,35.648646616541356
Fatehpur,35.63271880819367
Sindkhed Raja,35.61666666666667
Gulbarga,35.57010810810811
Kolaras,35.56503703703704
Bahraich,35.54898566703418
Mahuva(Station Road),35.52364341085271
Patharia,35.506245353159855
Kota,35.43922491349481
Anakapally,35.415240963855425
Laxettipet,35.4
Chakur,35.373222222222225
Auraiya,35.34721382289417
Balrampur,35.329885057471266
Jagadhri,35.31171171171171
Villupuram,35.29788321167883
Hubli (Amaragol),35.26368595041322
Sabalgarh,35.2620634920635
Golaghat,35.25
Chittorgarh,35.24262101534829
Manora,35.23911764705882
Jhalarapatan,35.23593659942363
Aurad Shahajani,35.203943661971834
Susner,35.196666666666665
Sampla,35.126126126126124
Umarked(Danki),35.082352941176474
Mandsaur,35.07554794520548
Kustagi,35.06701298701299
Guna,35.04684210526316
Bilaspur,35.0405615550756
Neyyatinkara,35.026365348399246
Kunnathukkal,35.0
Shadora,34.9825
Partaval,34.939457446808504
Padampur,34.92933566433567
Bolpur,34.92456896551724
Ramaganj Mandi,34.91843373493976
Bellary,34.858369028006585
Sandila,34.85327687776142
Bongiagaon,34.851388888888884
Sriganganagar,34.84824827586207
Narsinghpur,34.84230769230769
Longleng,34.82954545454545
Raisingh Nagar,34.811
Jaipur(Bassi),34.793129251700684
Anajngaon,34.791044776119406
Karanja,34.78486547085202
Udala,34.755614973262034
Savli,34.74387755102041
Badepalli,34.726831683168314
Latur(Murud),34.69810344827586
Raichur,34.623699731903486
Khatora,34.601111111111116
Palitana,34.57242424242425
Mow,34.55833333333334
Mangrulpeer,34.54936
Bhalki,34.5
Madhogarh,34.484693877551024
Maksudangarh,34.44313492063492
Ridmalsar,34.435
Faizabad,34.423202598652544
Rawatsar,34.36794117647059
Chavassery,34.355357142857144
Mehekar,34.35354330708661
Sultanpur,34.29650599400599
Egra/contai,34.29032258064516
Yeotmal,34.28609053497942
Dhand,34.28438914027149
Khachrod,34.281333333333336
Lalbagh,34.25
Udaipur,34.23252631578948
Sawai Madhopur,34.21808398950131
Indore,34.21284023668639
Robertsganj,34.181172106824924
Lalsot,34.17634948096886
Katol,34.17247771836008
Masli,34.130812500000005
Bundi,34.12837471783296
Jintur(Bori),34.126999999999995
Mauranipur,34.11996899224806
Vandavasi,34.11
Chomu,34.09190476190476
Baruipur(Canning),34.083333333333336
Jangipur,34.042388059701494
Safdarganj,34.01158509861212
Dhansura,33.952713987473906
Bharthna,33.93308953900709
Jambusar,33.918510638297874
Hoskote,33.917142857142856
Gandhwani,33.886153846153846
Dhamngaon-Railway,33.876694915254234
Haveri,33.872830188679245
S.Mandvi,33.872326797385625
Tuljapur,33.864831460674154
Sumerpur,33.85473684210527
Pen,33.83642857142858
Atarra,33.78789267015707
Soyatkalan,33.78125
Sindagi,33.75
Asansol,33.722376154492025
Jaipur (Grain),33.7138679245283
Gulabganj,33.7
Koderma,33.69230769230769
Utraula,33.6848615916955
Kottur,33.68374429223744
Nilanga,33.6705
Narwana,33.663716814159294
Birmaharajpur,33.63669064748201
Palghar,33.63185185185185
Karimpur,33.61526205450733
Basti,33.605642827614716
Silvani,33.6
Thanesar,33.58496240601504
Dharwar,33.5648
Modasa,33.53037698412699
Azamgarh,33.506628857821156
Devariya,33.49663482532751
Raath,33.4894414893617
Barnala,33.47072771872445
Chhapiheda,33.46375
Ausa,33.46026086956522
Talalagir,33.4431330472103
Angaura,33.43434343434343
Kalamb(Osmanabad),33.429148936170215
Badnagar,33.40047619047619
Fulmbri,33.375
Udhampur,33.372492836676216
Mandvi,33.347605932203386
Garhakota,33.31541666666667
Khedbrahma,33.311977401129944
Lucknow,33.28555828220859
Mansa,33.28442064264849
Bhiwani,33.26711111111111
Lalsot(Mandabari),33.259976415094336
Sirsa,33.25184931506849
Safidon,33.22157894736842
Gairatganj,33.21923076923077
Pimpalgaon,33.196167979002624
Holalkere,33.16894736842105
Berasia,33.15909090909091
Talod,33.155099502487566
Dabra,33.104874371859296
Achalda,33.08922175732218
Chuliaposi,33.08842975206611
Jaunpur,33.04009702241552
Tumsar,33.01
Achalpur,33.0
Attabira,32.998387096774195
Nanggaon,32.987500000000004
Orai,32.96669054441261
Harpalpur,32.95294117647059
Hardoi,32.93641478212907
Ulundurpettai,32.934496314496315
Mehrauni,32.92118556701031
Akot,32.89587628865979
A lot,32.868478260869566
Akbarpur,32.84559004392386
Pune,32.83920607267297
Chitwadagaon,32.82230113636364
Suthalia,32.81948717948718
Narwal Jammu (F&V),32.791905737704916
Chandrapur,32.7871052631579
Hinjilicut,32.78238341968912
Nimbahera,32.779703588143526
Kopaganj,32.77438732394366
Vansda,32.75308641975309
Dehgam(Rekhiyal),32.73514367816092
Nanjangud,32.707764705882354
Karatgi,32.68697674418605
Srirangapattana,32.660865384615384
Annur,32.65217391304348
Rajouri (F&V),32.62558139534884
Wardha,32.60265
Rayagada,32.598
Badwani,32.59183673469388
Bagru,32.582772277227726
Maur,32.579154302670624
Kangra(Baijnath),32.57533742331289
Muskara,32.55885448916409
Gollapally,32.54666666666667
Sinner,32.52058823529412
Vikarabad,32.51983870967742
Varora,32.50666666666667
Bassi Pathana,32.503901273885354
Hinganghat,32.501255411255414
Dhanora,32.5
Akhnoor,32.48236331569665
Mhow,32.47338709677419
Chandrapur(Ganjwad),32.46474246841594
Shivpuri,32.447489361702125
Kareli,32.43023255813954
Pukhrayan,32.41471615720524
Gohad,32.410000000000004
Perambra,32.3984375
Etawah,32.37793258426966
Murim,32.37417142857143
Badrisadri,32.35458579881657
Harsood,32.315
Firozepur City,32.311707097933514
Damnagar,32.304098360655736
Lasalgaon(Vinchur),32.29901408450704
Paliakala,32.292384370015945
Shahabad(New Mandi),32.27491467576792
Pargi,32.25833333333333
Chorichora,32.2562119366626
Mukkom,32.20175438596491
Bhanjanagar,32.19246376811594
Nagpur,32.19216282894737
Kopargaon,32.182797858099065
Doharighat,32.176086956521736
Aligarh,32.17425986842105
Manvi,32.16392857142857
Ujjain,32.13440366972477
Chamba,32.131813909774436
Durg,32.114375
Pichhour,32.11333333333334
Udaipura,32.097388059701494
Dhanotu (Mandi),32.072404371584696
Modasa(Tintoi),32.06510903426791
Barikpur,32.048920863309355
Shamli,32.02211493170042
Farukhabad,32.020457256461235
Alibagh,32.0
Murud,32.0
Porsa,31.997543859649124
Manwat,31.986491228070175
Koppal,31.973695652173912
Rona,31.971971830985918
Anta,31.968916666666665
Mangaon,31.87272727272727
Dahod(Veg. Market),31.86437591063623
Jajpur,31.856876456876456
Kurawar,31.848333333333333
Koraput,31.84516129032258
Kuttulam,31.842000000000002
Fazilka,31.81940298507463
Karjat,31.783333333333335
Kushtholy,31.75357142857143
Baberu,31.718638449770527
Bardoli(Katod),31.696039603960397
Soharatgarh,31.663377192982455
Yusufpur,31.644444444444446
Ballia,31.581585150265173
Momanbadodiya,31.56092307692308
Nowpora,31.556140350877193
Mahoba,31.535014925373133
Birbhum,31.526091160220993
Ajaygarh,31.519914772727272
Lateri,31.495238095238093
Lehra Gaga,31.4945
Allahabad,31.477701196863393
Rasda,31.477619047619047
Taura,31.466957605985037
Santoshgarh,31.45614035087719
Jhijhank,31.433477321814255
Hungund,31.425
Bandikui,31.4075
Faridkot,31.397466367713
Tamluk (Medinipur E),31.392610837438422
Sadulshahar,31.39166666666667
Bhiloda,31.38689655172414
Barabanki,31.367476882430648
Anjad,31.35909090909091
Khilchipur,31.35496
Malur,31.336645161290324
Atru,31.305
Chandur Bazar,31.300212765957447
Hindol,31.299492385786802
Madhira,31.2875
Pudupalayam,31.264705882352942
Nagar,31.205396825396825
Washim,31.17389558232932
Kavunthapadi,31.172500000000003
Badarwas,31.167142857142856
Mhalingapur,31.138628571428573
Panposh,31.136363636363637
Umarga,31.131290322580643
Fatehnagar,31.115654205607477
Dehgam,31.10756218905473
Khurai,31.087142857142858
Santhesargur,31.085923076923077
Mangkolemba,31.076923076923077
Nadia,31.068498659517424
Bhokar,31.06718811881188
Aron,31.033641304347825
Surat,31.030816932788714
Anoopgarh,31.003333333333334
Bemetara,31.0
Lalitpur,30.99402834763148
Niwai,30.970499999999998
Golagokarnath,30.949708963911526
Bhainsa,30.946263736263738
Narayanpet,30.939322033898307
Tuensang,30.92982456140351
Ahmednagar,30.905518672199168
Madhoganj,30.901676528599605
Krosuru,30.9
Burgampadu,30.85090909090909
Nizamabad,30.84790780141844
Pabiacherra,30.83166285278413
Kherli,30.824315068493153
Ramanujganj,30.80661764705882
Shorapur,30.80218487394958
Kasimbazar,30.795652173913044
Rampur,30.78589519650655
Naanpara,30.74374269005848
Sujangarh(Churu),30.74285714285714
Bhadrak,30.742703703703707
Varanasi(F&V),30.741367483296212
Gurgaon,30.691509433962263
Saharanpur,30.688122005160338
Taal,30.685454545454547
Banapura,30.67627450980392
Bastar,30.666666666666668
Uniyara,30.664109589041097
Gorakhpur,30.66266260725159
Shajapur,30.647148760330577
Purwa,30.599272197962154
Umari,30.55421052631579
Nasrullaganj,30.527045454545455
Holenarsipura,30.521621621621623
Ghansawangi,30.514285714285716
Rudauli,30.50017103762828
Tendukheda,30.5
Devandranagar,30.485
Sonpeth,30.48153846153846
Chaksu,30.448761904761902
Raibareilly,30.43292634895628
Thattanchavady,30.42394422310757
Pandhurna,30.422222222222224
Pattamundai,30.410755813953486
Sitapur,30.374651480637812
Harihara,30.3427
Haathras,30.340262848175755
Mahuwa Mandawar,30.32
Pathardi,30.319285714285716
Narayankhed,30.3
Thamarassery,30.298440979955455
Barshi,30.291538461538458
Sehjanwa,30.287022587268996
Maharajganj,30.282683982683984
Vashi New Mumbai,30.278846153846153
Khandwa,30.255329512893983
Kayamganj,30.221704957678355
Nasik,30.21507369196758
Majalgaon,30.189594936708858
Ch. Dadri,30.160196078431373
Chikali,30.155865102639297
Khunthabandha,30.142857142857142
Sheopurbadod,30.066200607902736
Abohar,30.057404326123127
Vasai,30.04691943127962
Medinipur(West),30.00360655737705
Kadaura,29.99154929577465
Anandnagar,29.98667890656875
Akodia,29.98
Ahmedabad,29.965078973346497
Shahganj,29.927421815408085
kalanwali,29.909999999999997
Kadamtala,29.90730688935282
Nagod,29.9
Dungurapalli,29.899358974358975
Banki,29.89108910891089
Koraput(Semilguda),29.8863436123348
Atmakur,29.853846153846156
Dadri,29.84673469387755
Boudh,29.835616438356166
Dindori(Vani),29.83
Durgapur,29.800485436893204
Karad,29.777126099706745
Raisen,29.775
DEI(Bundi),29.76535433070866
Bohorihat,29.752816901408448
Patur,29.7436
Khujner,29.741844919786097
Sargipali,29.73394495412844
Hapur,29.720225
Sanawad,29.717291666666668
Chail Chowk,29.713483146067414
Mantha,29.711437125748507
Kullu(Patli Kuhal),29.707865168539325
Sriganganagar(F&V),29.701584507042252
Ganaur,29.661826086956523
vadakarapathy,29.648275862068967
Panvel,29.647435897435898
Paonta Sahib,29.64626168224299
Vishalpur,29.63130979498861
Howly,29.620117647058823
Morena,29.618333333333336
Vai,29.603963414634148
Betul,29.594884615384615
Kothagudem,29.555555555555557
Bhadara,29.55387453874539
Berachha,29.549999999999997
Bampada,29.54074074074074
Mungawali,29.462195121951222
Solan(Nalagarh),29.445981554677207
Mau,29.44310344827586
Dewas,29.43622641509434
Mahidpur,29.414255319148936
Kanpur(Grain),29.395406941950927
Ratlam,29.38992551210428
Nandyal,29.383673469387755
Hunsur,29.375064935064938
Bandrol,29.372758229284905
Malout,29.36778347870703
Milak,29.35195294117647
Pamohi(Garchuk),29.34802538787024
Balurghat,29.344967532467532
Sahiyapur,29.324397344228803
Chatta Krushak Bazar,29.319526627218934
Kamthi,29.308333333333334
Amalner,29.30655737704918
Amroha,29.29255704697987
Sri Vijayanagar,29.29
Sembanarkoil,29.27333333333333
Alampur,29.246693548387096
Gopa,29.24425287356322
Jhumpura,29.220238095238095
Etah,29.20702278481013
Phek,29.171875
Jalana,29.167506976744185
Sirkali,29.163333333333338
Akola,29.153786127167628
Bamora,29.132857142857144
Balapur,29.101020408163265
Kosikalan,29.074032825322394
Shahabad,29.050844756136435
Devarakadra,29.0490625
Jaisinagar,29.03448275862069
Eluru,29.0
Karvi,28.983184424271382
Kipheri,28.982758620689655
Adampur,28.978656215005596
Narsinghgarh,28.944829629629627
Koovapadi,28.929884393063585
Parshiwani,28.92571428571429
Vyra,28.925506241331487
Umreth,28.92246835443038
Nizar,28.914623655913978
Suryapeta,28.911953642384105
Ropar,28.905405405405407
Srirampur,28.9
Himalyatnagar,28.857692307692307
Bhander,28.84
Thondamuthur,28.83695652173913
Vilaspur,28.77886120996441
Kalol,28.77335092348285
Jabalpur,28.76887640449438
Chakdah,28.758389261744966
Hindoun,28.739
Chamkaur Sahib,28.727663230240548
Angul(Atthamallick),28.725
Alipurduar,28.709251968503935
Pathari,28.705
Rahatgarh,28.693008849557522
Begamganj,28.666666666666668
Chanderi,28.666666666666668
Charla,28.644000000000002
Bhikangaon,28.642235872235872
Lasalgaon(Niphad),28.639209677419355
Sheoraphuly,28.627397260273977
Vadhvan,28.621103351955306
Kannauj,28.593699002719852
Barasat,28.59185393258427
Bijolia,28.58608695652174
Bareilly,28.55681436432088
Kaij,28.479920634920635
Kalapipal,28.469354838709677
Khategaon,28.467928118393235
Kalna,28.454429065743945
Chhindwara,28.45182051282051
Ajuha,28.44884533898305
Jharsuguda,28.4468253968254
Chandoli,28.434149122807018
Muzzafarnagar,28.431952506596307
Bichhiya,28.414285714285715
Bhavani,28.412499999999998
Panchkul(Kalka),28.405405405405407
Madanapalli,28.4
Barhaj,28.389749798224376
Rajnandgaon,28.38679245283019
Agra,28.378806479113386
Ghansour,28.37705882352941
Ahmedpur,28.340802139037432
Panichowki,28.31988543371522
Jalore,28.307771260997068
Kurud,28.305555555555557
Garbeta(Medinipur),28.27717514124294
Meerut,28.275867863720073
Badwaha,28.262257336343115
Bhatapara,28.253939393939394
Keshoraipatan,28.25
Unnao,28.230405405405406
Gautampura,28.21923076923077
Charkhari,28.21630434782609
Fatehabad,28.214195804195803
Budalada,28.19701117318436
Sonkatch,28.192278106508876
Kharupetia,28.185267857142858
Naraingarh,28.176250749850027
Memari,28.16469841269841
Gundlupet,28.162931354359927
Jamkhed,28.162213740458014
Pilibhit,28.149046884639112
Ramanagara,28.14342723004695
Gangapur City,28.128187134502923
Gurdaspur,28.11622191011236
Pillukhera,28.07242424242424
Vagodiya,28.057464788732393
Burdwan,28.034897435897438
Dhule,28.002084745762712
Pazhayannur,28.0
Cachar,28.0
Bhikhiwind(Khalra),28.0
Tarana,27.97846153846154
Keezhampara,27.973684210526315
Sirhind,27.962398392139345
Rohroo,27.958333333333332
Bijay Nagar,27.956301747930084
Sadasivpet,27.941545454545455
Lasalgaon,27.937377358490565
Cheeka,27.935413533834584
Tonk,27.918123711340208
Pathalgaon,27.915151515151518
Sangrur,27.909699892818864
Khanauri,27.896428571428572
Sumerganj,27.85
Pratappur,27.829666666666665
Vaduj,27.8025641025641
Mohammdi,27.79820143884892
Panruti,27.794297994269343
Sahidngar,27.78035714285714
Digras,27.768082901554404
Ranaghat,27.757854406130267
Guskara(Burdwan),27.746601941747574
Jalkot,27.74074074074074
Arani,27.732142857142858
Chhibramau(Kannuj),27.71114012184508
Chhatarpur,27.687962264150944
Kawardha,27.636641791044777
Muli,27.61625
Karmala,27.597987012987012
Uluberia,27.593296089385476
Dausa,27.59
Partur,27.586876574307304
Hailakandi,27.583333333333332
Jiaganj,27.580102040816325
Maigalganj,27.55505617977528
Bhaisma,27.53
Kannod,27.519444444444446
Bhikhiwind (Basarke),27.5
Meham,27.498533724340177
Wazirganj,27.481229597388467
Karimnagar,27.48075471698113
Sohna,27.46153846153846
Reasi,27.43582887700535
Shegaon,27.416666666666668
Lakhimpur,27.410332559938126
Satara,27.408941176470588
Padra,27.401612006670373
Coochbehar,27.38421052631579
Shahjahanpur,27.367398373983736
Gogamba,27.329710144927535
Kalvan,27.311754385964914
Kalpi,27.297558139534885
Bankura Sadar,27.27820717131474
Puwaha,27.25331094049904
Khargone,27.246894904458596
Kotba,27.246153846153845
Ashta,27.244389671361503
Bori,27.211111111111112
Mainpuri,27.187788502788504
Yeola,27.17048913043478
Panna,27.152749999999997
Ghathashi,27.145454545454545
Badami,27.125
Songadh,27.117263157894737
Barwala(Hisar),27.112862318840577
Tokapal,27.1
Shamshabad,27.095
Zaheerabad,27.083396226415097
Angul(Jarapada),27.079710144927535
Makthal,27.067333333333334
Badnawar,27.06228144989339
Dhuri,27.0552752293578
Ladwa,27.0546875
Valod(Buhari),27.04042904290429
Pfatsero,27.04
Vidisha,27.035714285714285
Mukerian(Talwara),27.033515731874147
Deoli,27.030042253521128
Harda,26.996923076923075
Newasa(Ghodegaon),26.979166666666668
Dhari,26.975076923076923
Buland Shahr,26.973365522174536
Chandausi,26.962524945770067
Bahadurgarh,26.939393939393938
Angul,26.93793103448276
Keonjhar(Dhekikote),26.9
Akkalkot,26.894615384615385
Natham,26.88235294117647
Polavaram,26.866666666666667
Mailaduthurai,26.840000000000003
Morinda,26.83480392156863
Bhikhiwind (Algo),26.82857142857143
Jogipet,26.821428571428573
Chirgaon,26.819309090909094
Panchpedwa,26.81776315789474
Negamam,26.770555555555557
Malerkotla,26.75291053227633
Lonar,26.74108108108108
Baxirhat,26.68768844221106
Rompicherla,26.687142857142856
Azadpur,26.685171265461467
Mathura,26.683836053938965
Jhajjar,26.655555555555555
Ratlam(F&V),26.654374999999998
Puranpur,26.652508474576273
Dharapuram,26.644565217391307
Pitlam,26.616923076923076
Narnaund,26.606309148264987
Mukhed,26.603333333333335
Tiphra,26.57355442176871
Banur (Kheragaju),26.571280991735538
Naugarh,26.568080094228502
Jalaun,26.551813636363637
Hanumangarh,26.52875
Habra,26.528118908382066
Semriharchand,26.509230769230765
Gauripur,26.49642857142857
Jaipur(F&V),26.48799301919721
Chhpara,26.476666666666663
Jhansi,26.42952078928823
Jundla,26.419333333333334
Dhar,26.407329192546584
Savner,26.399884393063587
Balachaur,26.39496487119438
Dharni,26.375
Bikaner(F&V),26.36842105263158
Bhilwara,26.364493670886077
Kalyan,26.353333333333335
Bandikui(Geejgarh),26.326363636363634
Mandla,26.320576923076924
Bharatpur(Kumer),26.320000000000004
Ait,26.31981308411215
Mahbubnagar,26.31948905109489
Mehmoodabad,26.317872619829284
Morshi,26.312587939698492
Rajkot(Ghee Peeth),26.3
Muradabad,26.28606889564336
Tasgaon,26.217756653992396
Beohari,26.21666666666667
Pandkital,26.203586206896553
Tarapur,26.203262411347517
Mazhuvannur,26.178861788617887
Newasa,26.175
Ghatal,26.16487804878049
Udaipur(F&V),26.130020703933745
Hanumangarh(Urlivas),26.130000000000003
Naugaon,26.125
Falakata,26.117589576547232
Sailana,26.087111111111113
Kaithal,26.075
Rampurhat,26.058695652173913
Davangere,26.05755378486056
Nandura,26.056977886977887
Tanduru,26.0172
Vadvani,26.006
Moga,26.00435261707989
Toofanganj,25.99377990430622
Batala,25.987665198237885
Wanaparthy Road,25.975
Jaisalmer,25.941176470588236
Garh Shankar,25.936979166666667
Sakri,25.930194174757283
Kunnathur,25.88049689440994
Jawar,25.8725
Mustafabad,25.867924528301888
Phagwara,25.86741690751445
Saharpada,25.833333333333332
Abu Road,25.833333333333332
Sunam,25.831017811704836
Pundibari,25.812915129151293
Madlauda,25.807692307692307
Guru Har Sahai,25.800613496932517
Gevrai,25.795523255813954
Jagatsinghpur,25.761111111111113
Kendrapara,25.760879120879117
Satna,25.73663716814159
Sadiq,25.726666666666667
Bhensdehi,25.718181818181815
Kapasan,25.7176
Tikamgarh,25.705000000000002
Samsi,25.697916666666668
Khair,25.686110721793973
Saunsar,25.681428571428572
Chengeri,25.678571428571427
Dudhansadhan,25.67063492063492
Sarangpur,25.669354838709676
Keonjhar,25.666666666666668
Bina,25.655454545454543
Bangarmau,25.64668789808917
Ratia,25.63888888888889
Raghogarh,25.624000000000002
Sidhi,25.601999999999997
Chamorshi,25.592000000000002
Sarankul,25.589805825242717
Palwal,25.576568265682656
Ajnala (Sudhar),25.55636363636364
Kolar,25.540424448217316
Kandi,25.52830882352941
Nawabganj,25.523610875106204
Ajmer(F&V),25.517341772151898
Ratnagiri (Nachane),25.497092198581562
Bijawar,25.443571428571428
Muktsar,25.43945086705202
Sonepat,25.40909090909091
Samba,25.364864864864863
Bahadajholla,25.364779874213838
Bhandara,25.35576923076923
Hissar,25.339622641509433
Gadarwada,25.306666666666665
Ghaziabad,25.2785687523417
Khemkaran (Amarkot),25.235714285714288
Shadabad,25.16373779637378
Kurali,25.126457680250784
Dinanagar,25.09406882591093
Ujjain(F&V),25.078943452380955
Fatehpur Sikri,25.074883445278545
Banga,25.070117474302496
Chopada,25.044229074889866
Haatpipliya,25.023686786296903
Badamalhera,25.014
Kuchinda,25.007575757575758
Manubazar,25.0
Loharu,25.0
Huliyar,25.0
Maudaha,24.99553688823959
Nandgaon,24.95910891089109
Thandla,24.94566153846154
Lingasugur,24.928220338983053
Gudiyatham,24.875
Gidam,24.86842105263158
Tulsipur,24.86472385428907
Rahuri(Vambori),24.851714285714287
Akluj,24.81310989010989
Parner,24.78525641025641
Shyampur,24.77285714285714
Mekhliganj,24.760479041916167
Jora,24.745
Suvasra,24.715769230769233
Asifabad,24.689166666666665
Gondpimpri,24.659701492537312
Bhivandi,24.645774647887322
Pombhurni,24.645454545454548
Denduluru,24.635135135135137
Nawalgarh,24.634615384615383
Shikaripura,24.63355
Hanumana,24.625
Chittoor,24.6031914893617
Kalyani,24.59070247933884
Muradnagar,24.57156069364162
Mukerian,24.544520547945204
Mohindergarh,24.536312849162012
Kendupatna,24.518166259168705
Taloda,24.50888888888889
Badayoun,24.505650436046512
Khaga,24.487619047619045
Charra,24.456818181818182
Kullu(Chauri Bihal),24.45572354211663
Kalagategi,24.408823529411762
Vithinasserri,24.403061224489797
Valsad,24.397058823529413
Javad,24.39483870967742
Rayya(Sathiala),24.375
Sihora,24.372857142857146
Hoshangabad,24.358
Tundla,24.337135112593828
Sangamner,24.324129870129873
Choppadandi,24.319649122807018
Konch,24.292557226945718
Jagraon,24.287789203084834
Paranda,24.261458333333334
Indus(Bankura Sadar),24.253083700440527
Segaon,24.251134751773048
Deoulgaon Raja,24.242367021276593
Chomu(F&V),24.235294117647058
Shrirampur(Belapur),24.232142857142858
Shamgarh,24.220000000000002
Bargarh,24.1875
Dondaicha,24.164211764705886
Bilga,24.151
Moonak,24.141666666666666
Timarni,24.125098039215686
Narayanpur,24.096153846153847
Biaora,24.09179104477612
Patti,24.082242779783392
Sevda,24.05
Khurja,24.01645689434638
Gandai,24.0103125
Chikhali,24.00666666666667
Asandh,23.99847374847375
Malegaon,23.96857868020305
Mul,23.96328125
Rajnagar,23.96153846153846
Lohandiguda,23.94666666666667
Mandi(Takoli),23.945392491467576
Shahdol,23.944
Manalurpet,23.880958466453674
Kurdwadi,23.855263157894736
Mudkhed,23.843529411764706
Sirsaganj,23.83913594470046
Jalpaiguri Sadar,23.81282051282051
Madathukulam,23.798412698412697
Shikohabad,23.76774517087667
Dindori,23.767386018237083
Singampuneri,23.766666666666666
Aurangabad,23.764766125061545
Jalalabad,23.758717693836978
Koratla,23.75826086956522
Gokak,23.729999999999997
Mawana,23.72723143475126
Dudhani,23.683000000000003
Dankaur,23.660714285714285
Narsampet,23.658695652173915
Ambad (Vadigodri),23.639595588235295
Chamaraj Nagar,23.60809523809524
Dasuya,23.603783044667274
Rahata,23.59218804920914
Bharuasumerpur,23.558490566037737
Khalilabad,23.549627450980392
Bareli,23.516666666666666
Mamdot,23.513482490272374
Makdi,23.5
Keshopur,23.47300469483568
Beed,23.468248847926265
Sindevahi,23.46666666666667
Kendupatna(Niali),23.450111111111113
Ichhawar,23.43
Ruperdeeha,23.420727650727653
Telhara,23.399806451612903
Bharuch,23.383717105263155
Dongargaon,23.346666666666664
Kota (FV),23.315092402464067
Samana,23.28151408450704
Khargapur,23.254
Thanjavur,23.25
Bhopal,23.236666666666668
Bilsi,23.221924939467314
Nahan,23.194036208732694
Munguli,23.149
Paatan,23.119999999999997
Palthan,23.117346938775512
Nawanshahar,23.111333333333334
Sardulgarh,23.110804020100502
Ambala Cantt.,23.104819277108437
Karjat(Raigad),23.087480916030536
Burhanpur,23.07421052631579
Mau(Chitrakut),23.067272727272726
Manmad,23.06008888888889
Jhabua,23.036937799043063
Ahirora,23.02
Jhalod,23.0
Malkanagiri,22.98758389261745
Kahnuwan,22.985
Chaakghat,22.964117647058824
Mathabhanga,22.945412844036696
Gotegaon,22.900000000000002
Dinhata,22.89712643678161
Malkapur,22.896949152542373
Solan(Rajgarh),22.894736842105264
Kurdwadi(Modnimb),22.822222222222223
Bangarpet,22.821718377088303
Dhupguri,22.819680851063833
Bijnaur,22.81939443535188
Sehore,22.813333333333333
Gadarpur,22.799645669291337
Sillod,22.790625
Nadiyad(Piplag),22.780188679245285
Shevgaon,22.761811023622048
Jatara,22.74666666666667
Jahangirabad,22.737436577054147
Srikalahasti,22.66
Atrauli,22.656808199121524
Hanumangarh Town,22.64951219512195
Jaspur,22.63769230769231
Bargarh(Barapalli),22.63130081300813
Gohana,22.610132158590307
Pathankot,22.603515625
Belacoba,22.602616279069768
Chikli(Khorgam),22.58
Vazhapadi,22.564705882352943
Bowenpally,22.560661764705884
Haldibari,22.559302325581395
Khairagarh,22.553063457330417
Nihal Singh Wala,22.52173913043478
Armori,22.505078125
Tadepalligudem,22.5
Rayya,22.477045454545454
Quadian,22.451612903225808
Satana,22.430599369085172
Raipur,22.391875
Nandurbar,22.38372093023256
Baikunthpur,22.383333333333336
Sathur,22.365
Chikkamagalore,22.289626529298133
Patran,22.275856307435255
Kasrawad,22.24142857142857
Kishunpur,22.24032258064516
Ibrahimputnam,22.21978021978022
Savali,22.21875
Rajasamand,22.216216216216218
Nagbhid,22.209375
Sangli(Miraj),22.196590909090908
Khed(Chakan),22.18087318087318
Jalgaon,22.170446333687565
Sangareddy,22.156565656565657
Noida,22.14691388400703
Giddarbaha,22.142715596330277
Rajpura,22.111940298507463
Mangal Wedha,22.084457728437233
Gangapur,22.07434027777778
Karhi,22.021428571428572
English Bazar,22.016592920353983
Pachora,22.01300847457627
Mancharial,22.0
Karaikudi,22.0
Jeypore,21.942307692307693
Kesli,21.922727272727272
Tarantaran,21.913532513181018
Faridabad,21.897455968688845
Itarsi,21.892810650887576
Khaniadhana,21.89
Devbhog,21.88769230769231
Kalmeshwar,21.878422939068102
Barara,21.87272727272727
Singroli,21.837821782178217
Lasur Station,21.819295774647887
Pandhana,21.818461538461538
Pavani,21.80220588235294
Shirpur,21.8
Ganjdudwara,21.769571550985432
Amritsar,21.73846153846154
Ramtek,21.693
Baktara,21.69
Buldhana(Dhad),21.65625
Pharasgaon,21.65
Lalru,21.649322607959355
Pataudi,21.646464646464647
Mohol,21.638095238095236
Karamadai,21.61111111111111
Kotkapura,21.5841642228739
Alur,21.521250000000002
Katghora,21.50583333333333
Manendragarh,21.49413043478261
Churu,21.484426229508195
Gandchiroli,21.477906976744183
Doraha,21.44348122866894
Sangarapuram,21.42201405152225
Hospet,21.414133333333332
Pehowa,21.413398692810457
Shevgaon(Bodhegaon),21.412095238095237
Rajahmundry,21.405555555555555
Malthone,21.366666666666664
Shahagarh,21.364285714285717
Ludhiana,21.35047258979206
Bishnupur(Bankura),21.349462365591396
Paithan,21.348858858858858
Shankarapally,21.321428571428573
Chaurai,21.31967741935484
L B Nagar,21.304784688995216
Vengeri(Kozhikode),21.2875
Chickkaballapura,21.246639784946236
Dera Bassi,21.231347150259065
Maanachar,21.221818181818183
Gadaura,21.205522388059702
Bodhan,21.204
Yawal,21.194833948339483
Shahada,21.18506976744186
Karumanturai,21.182
Narela,21.17
Belgaum,21.169421487603305
Sanwer,21.16687272727273
Kharar,21.145496535796767
Devda,21.1375
Bewar,21.126857855361596
Dound,21.11047619047619
Loharda,21.109402985074627
Burhanpur(F&V),21.081891156462586
Moynaguri,21.037440758293837
Tanda,21.00838831291235
Sivagangai,21.0
Jhunjhunu,20.986363636363635
Gangavathi,20.978095238095236
Kusmee,20.958000000000002
Tiroda,20.9575
Pune(Moshi),20.938430379746837
Piriya Pattana,20.90660550458716
Jasra,20.873673036093418
Jeypore(Kotpad),20.858333333333334
Firozabad,20.849290593799264
Shujalpur,20.833333333333332
Ghiraur,20.821195833333334
Tirupati,20.8
Bhucho,20.790842696629213
Nilagiri,20.787769784172664
Magroni,20.74904761904762
Banaganapalli,20.681372549019606
Osmanabad,20.668125
Bhopalpattnam,20.666666666666668
Bhokardan,20.665
Baruwasagar,20.60186170212766
Hoshiarpur,20.584740882917465
Haldaur,20.56875
Dhekiajuli,20.547169811320753
Rishikesh,20.537479970866716
Keolari,20.517692307692307
Gowribidanoor,20.517454545454545
Patiala,20.493006993006993
Kekri,20.477777777777778
Doranpal,20.473529411764705
Ambikapur,20.46518987341772
Ghoti,20.45379746835443
Badda,20.43967741935484
Nilokheri,20.435
Khatra,20.41744680851064
Karpawand,20.408333333333335
Devala,20.397670157068063
Bagepalli,20.366981132075473
Jaitu,20.366363636363637
Indapur,20.36176470588235
Thiryagadurgam,20.35264
Pune(Hadapsar),20.350634782608694
Kukanar,20.35
Godhra(Timbaroad),20.325084745762712
Sadhaura,20.30821917808219
Binaganj,20.3
Armoor,20.299259259259262
Ballabhgarh,20.279083333333332
Varipaal,20.274716981132077
Uchhal,20.261052631578945
Sironcha,20.25
Tral,20.227272727272727
Pipli,20.224800000000002
Wansi,20.192857142857143
Surajpur,20.18051282051282
Baraut,20.177
Bharamgarh,20.166666666666668
Alangeyam,20.158333333333335
Dhampur,20.127864583333334
Brahmpuri,20.125
Chabhal,20.125
Usilampatty,20.099999999999998
Zira,20.091148577449946
Shrirampur,20.083298097251586
Pattikonda,20.073658536585366
Shadnagar,20.065736040609135
Shahzadpur,20.03993272171254
Dirba,20.0375
Balodabazar,20.0
Kada,20.0
Pappireddipatti,20.0
Bazar Atriya,20.0
Saja,20.0
Hanagal,19.988326359832637
H.B. Halli,19.958181818181817
Harappana Halli,19.951883116883117
Khairthal,19.950000000000003
Jarar,19.94896115627823
Rahuri,19.90972906403941
Varaseoni,19.9
Rewari,19.89090909090909
Vilthararoad,19.883673469387755
Belarbahara,19.87142857142857
Karera,19.85
Chandabali,19.846153846153847
Arjuni,19.833333333333332
Mullanpur,19.828333333333333
Indore(F&V),19.828006088280063
Kheragarh,19.826923076923077
Misrikh,19.80964912280702
Harda(F&V),19.803046875
Gondiya,19.794
Haliyala,19.77166666666667
Prithvipur,19.75
Mehal Kalan,19.75
Malout (Panniwala),19.75
Ajitwal (Dala),19.75
Ajitwal (Chogawan),19.75
Jaitu(Bajakhana),19.75
Roha,19.75
Melur,19.74054054054054
Kalwakurthy,19.732527472527472
Umariya,19.72026315789474
Rehati,19.675
Khanna,19.673717948717947
Pilli Banga,19.669999999999998
Solapur,19.60737447207884
Pothgal,19.6
Bhadrachalam,19.59
Pendraroad,19.57033898305085
Jagnair,19.554961389961388
Multai,19.547619047619047
Vaijpur,19.545955555555555
Gadwal(Lezza),19.5
Bazpur,19.49388888888889
Radaur,19.48161094224924
Achampet,19.47
Mandalgarh,19.466666666666665
Bhanpura,19.459999999999997
Bachranwa,19.426612903225806
Pandariya,19.421486486486486
Kathalapur,19.4
Dharmapuri,19.4
Bichkunda,19.4
Metpally,19.4
Awagarh,19.37205882352941
Baruch(Vagara),19.366666666666667
Nelakondapally,19.365000000000002
Kharsiya,19.35
Bandhabazar,19.333333333333332
Kallur,19.325000000000003
Bariwala,19.3122691292876
Kotma,19.276923076923076
Hoovinahadagali,19.25
Limkheda,19.25
Hasanpur,19.237292817679556
Gadhwah,19.235176470588236
Dongargarh,19.21586956521739
Khamano,19.213178294573645
Shirur,19.194999999999997
Bakswaha,19.178571428571427
Vadgaonpeth,19.127375565610862
Sulargharat,19.05
Mansa (Khiala kalan),19.05
Jalandhar Cantt.,19.05
Samana(Kakrala),19.05
Samana(Gajewas),19.05
Rampuraphul(Chowke),19.05
Mallanwala,19.05
Bhadaur,19.05
Patran(Ghagga Mandi),19.05
Sherpur,19.05
Rampuraphul(Mehraj),19.05
Ajitwal,19.05
Rampuraphul(Dhapali),19.05
Bhadaur(Sehna),19.05
Bharwari,19.023240740740743
Rajpipla,19.015625
Chinnasalem,19.010928571428572
Sitarganj,19.008364197530863
Lakshar,19.00376811594203
Junnar(Narayangaon),19.0
Rehli,19.0
Bhusaval,18.999253731343284
T. Narasipura,18.97584269662921
Risia,18.941084788029926
Ghanpur,18.9
Pune(Manjri),18.892093023255814
Gopalraopet,18.88
Gangadhara,18.88
Vallam,18.87857142857143
Dakala,18.833333333333332
Hathur,18.833333333333332
Bhadson,18.833333333333332
Amloh,18.816666666666666
Chanarthal,18.816666666666666
Haldwani,18.801192468619245
Mohgaon,18.793333333333333
Palakole,18.783333333333335
Murbad,18.76081081081081
Peddapuram,18.75
Viswan,18.748076923076923
Dhanaula,18.746296296296297
Islampur,18.742
Achnera,18.733208828522923
Mehsana(Mehsana Veg),18.718475073313783
Amargarh,18.7125
Khekda,18.710743801652892
Omalur,18.71
Obedullaganj,18.709999999999997
Shahpura(Jabalpur),18.709285714285716
Sukma,18.683333333333334
Dharmaram,18.68
Vita,18.675
Mallial(Cheppial),18.675
Farukh Nagar,18.636363636363637
Neredcherla,18.612499999999997
Champadanga,18.605882352941176
Kapadvanj,18.596632653061224
Praswada,18.591176470588238
Sircilla,18.55
Palari,18.55
Saidpur,18.545724907063196
Jayas,18.525008
Richha,18.523863636363636
Samrala,18.523433242506812
Jangaon,18.510714285714283
Ashoknagar,18.5
Rania,18.5
Gandhari,18.5
Mahuva,18.5
Pawai,18.5
Ambaha,18.5
Meghraj,18.5
Dhari(Chalala),18.5
Kicchha,18.472764976958526
Seoni,18.460625
Sampara,18.45
Varni,18.41875
Godhra(Kakanpur),18.41810344827586
Khadur Sahib,18.4
Attari,18.4
Khem karan,18.4
Chandvad,18.39085106382979
Konta,18.383333333333333
Ajmer (Grain),18.37878787878788
Banur,18.375954198473284
Kila Raipur,18.375
Mansa (Bhamekalan),18.375
Nakodar(Sarih),18.375
Bankhedi,18.374000000000002
Ujhani,18.37232968881413
Rajpur,18.355238095238093
Udaypur,18.35
Badhni Kalan,18.35
Mamdot(Tibbi Khurd),18.35
Dhanula (Kaleke),18.35
Raghunathpur,18.35
Kakni,18.35
Sultanabad,18.35
Tapa(Sadar Bazar),18.35
Cherial,18.35
Pudur,18.349999999999998
Tamkuhi Road,18.342266462480858
Medchal,18.331111111111113
Amadula,18.307407407407407
Rewa,18.30666666666667
Manthani,18.29
Matar,18.283333333333335
Huzurnagar,18.283333333333335
Begu,18.283
Nanuta,18.272578125
Sakhigopal,18.236666666666668
Phillaur(Apra Mandi),18.2359375
Dataganj,18.224999999999998
Gogamba(Similiya),18.201923076923077
Jaggampet,18.2
Orathanadu,18.2
Khairlangi,18.2
Kataram,18.2
Nadiyad(Chaklasi),18.2
Amangal,18.176
Banthara,18.175
Jaithari,18.153125
Wyra,18.143333333333334
Unhel,18.0972
Tanuku,18.095
Balwadi,18.07
Dhadgaon,18.055
Koradacheri,18.05
Attili,18.05
Tirumalagiri,18.041919999999998
Matar(Limbasi),18.034375
Mullana(saha),18.032
Ibrahimpatnam,18.025
Yellareddy,18.025
Ramannapet,18.025
Kodad,18.025
Voligonda,18.025
Bhongir,18.025
Nakrekal,18.025
Miryalaguda,18.025
Aliganj,18.022837837837837
Kodakandal,18.0
Tarori,17.988510638297875
Mahabubabad,17.98
Sambalpur,17.97590909090909
Kolaghat,17.975862068965515
Bilimora,17.955183585313176
Vemulawada,17.945999999999998
Goraya,17.9390243902439
Barghat,17.925
Kovvur,17.925
Banswada,17.925
Raver,17.91676470588235
Halia,17.916666666666668
Penugonda,17.86
Nalgonda,17.849999999999998
Bhiknoor,17.826666666666668
Bhimavaram,17.816666666666666
Yellandu,17.810526315789474
Lakhnadon,17.81
Godhra,17.80191176470588
Kama,17.8
Lalgudi,17.8
Kumbakonam,17.8
Jodhpur(F&V)(Paota),17.791079812206572
Khanapur,17.7875
Borsad,17.774342105263155
Kamareddy,17.75
Lonand,17.714814814814815
Kaveripakkam,17.707272727272727
Bardoli(Madhi),17.704444444444444
Javera,17.7
Devarakonda,17.7
Mulugu,17.7
Devarkonda(Dindi),17.7
Babai,17.69
Poonthottam,17.681818181818183
Nirmal,17.675
Moth,17.673058221369164
Pipriya,17.651515151515152
Bhavarpur,17.644444444444446
Kanchipuram,17.62528735632184
Vedaranyam,17.6
Thirupoondi,17.6
Chandur,17.6
Chandur(Mungodu),17.6
Kilvelur,17.6
Nagapattinam,17.6
Junnar(Otur),17.575
Vikasnagar,17.56977549111319
Sahnewal,17.55689740420272
Raigarh,17.530808823529412
Acharapakkam,17.52989898989899
Maduranthagam,17.524736842105263
Kanker,17.50657894736842
Zunheboto,17.5
Anandapur,17.5
Dubbak,17.5
Kosamba,17.5
Dholka(Koth),17.467241379310344
Baghapurana,17.459671532846716
Kammarpally,17.45
Gharghoda,17.44333333333333
Rajapalayam,17.4375
Thasara(Dokar),17.434782608695652
Manawar,17.425686274509804
Dhar(F&V),17.40694774346793
Sorabha,17.385227272727274
Nanakmatta,17.370689655172413
Mannargudi,17.346666666666668
Chintalapudi,17.333333333333332
Junnar,17.325
Bariya,17.315
Raman,17.281927710843373
Chityal,17.27
Kannad,17.2
Badnawar(F&V),17.189393939393938
Honnali,17.181682368775235
Samalkha,17.15176848874598
Balotra,17.13
Akkalkuwa,17.073333333333334
Gaddiannaram,17.052074074074074
Channarayapatna,17.05
Bhehjoi,17.026623376623377
Kollegal,17.0
Narsapuram,17.0
Dharamkot,16.990837696335078
Babrala,16.984756097560975
Thasara,16.97826086956522
Mehmadabad,16.963636363636365
Medipally,16.95
Tiruthuraipoondi,16.933333333333334
Nautnava,16.92913767019667
Kashipur,16.924541832669323
Chalisgaon,16.92069387755102
Bhimadole,16.92
Mandsaur(F&V),16.916083916083917
Shahpura,16.9
Narharpur,16.883783783783784
Talwandi Sabo,16.88244514106583
Jalandhar City,16.86972972972973
Baradwar,16.8428
Amarwda,16.82166666666667
Dhariwal,16.813840830449827
Lalganj,16.806346153846153
Mundgod,16.8
Vyara(Paati),16.771190476190476
Vaduvur,16.75
Shakti,16.746153846153845
Najibabad,16.733962536023057
Palani,16.72222222222222
Jalgaon(Masawat),16.71669724770642
Tikonia,16.68554892601432
Morva Hafad,16.674666666666667
Kuppam,16.666666666666668
Piler,16.661290322580644
Pandharpur,16.647515114873038
Songadh(Umrada),16.64666666666667
Bhagta Bhai Ka,16.623333333333335
Bhanupratappur,16.57857142857143
Arakalgud,16.5
F.G.Churian,16.486469072164947
Palera,16.47
Madagadipet,16.467272727272725
Dharangaon,16.462560975609758
Syopurkalan(F&V),16.4201268115942
Karwar,16.4
Charama,16.380555555555556
Lakhanpuri,16.380555555555556
Chhindwara(F&V),16.365294117647057
Kotadwara,16.359618441971385
Simariya,16.359583333333333
Bhatgaon,16.291666666666668
Uthiramerur,16.29027397260274
Sattupalli,16.272972972972973
Alirajpur(F&V),16.270491803278688
Rampura Phul,16.26
Vishrampur,16.25
Navapur,16.239916666666666
Sikandraraau,16.235041841004186
Ahwa-Dang,16.224
Talwandi Bhai,16.22077922077922
Akole,16.209166666666665
Sarona,16.155555555555555
Abhanpur,16.151875
Ahmedgarh,16.13910256410256
Keshkal,16.125
Vettavalam,16.117272727272727
Gangoh,16.065960900036888
Pandua,16.01651376146789
Budalur,16.0
Palakode,16.0
Sardhana,15.991095890410957
Kalipur,15.96949494949495
Boraee,15.968181818181819
Samsabad,15.967353951890034
Jasvantnagar,15.95584498094028
Sarsiwan,15.954166666666666
Sidhwan Bet,15.946153846153846
Venkateswarnagar,15.922950819672131
Katangi,15.912
Dhamnod,15.908830935251798
Nagari,15.874021739130436
Atru(Kawai Salpura),15.855
Jakhal,15.808709677419355
Deori,15.802727272727273
Pachora(Bhadgaon),15.786666666666669
Amarpatan,15.7864
Rajgarh,15.765747863247864
Kalavai,15.762258064516129
Dondilohara,15.75
Hata,15.75
Manglaur,15.73877551020408
Gopalpatti,15.730625
Gattasilli,15.717241379310344
Belargaon,15.704166666666667
Barwala,15.692244224422442
Jafrabad,15.675
Bardewri,15.669642857142858
Gariyaband,15.661428571428571
Bhikhiwind,15.649999999999999
Siwan,15.624137931034484
Amoda,15.588709677419354
Ghanaur,15.575490196078432
Sikar,15.561349693251534
Korar,15.529166666666667
Chhachrauli,15.523729674796748
Navapara,15.52
Gudimalkapur,15.503571428571428
Kondagoan,15.5
Ammoor,15.481082802547771
Jamner(Neri),15.462
Bhopal(F&V),15.45
Payagpur,15.436666666666667
Nainpur,15.425
Sargaon,15.35
Sindholi,15.35
Shrigonda(Gogargaon),15.333333333333334
Jagtial,15.328243243243243
Gurur,15.266
Bilimora(Gandevi),15.25
Rajim,15.25
Arang,15.23457142857143
Dhilwan,15.22875
Anoop Shahar,15.195445544554456
Akaltara,15.161999999999999
Amgaon,15.14361111111111
Balaghat,15.125180722891567
Sunguvarchatram,15.094999999999999
Sambhal,15.093716268311487
Bhulath,15.086805555555555
Dammapet,15.085333333333333
Dudhawa,15.08
Takhatpur,15.076734693877551
Goniana,15.06605194805195
Dhamtari,15.049655172413793
Chevella,15.044776119402986
Dondi,15.0
Kotmi,15.0
Nadwai,14.994285714285715
Anwala,14.986503067484664
Vijapur(veg),14.965035799522674
Mullana,14.961293103448275
Neora,14.954347826086956
Pipariya,14.926358024691359
Bagbahra,14.897209302325582
Jaitgiri,14.875
Shajapur(F&V),14.86235294117647
Jairamnagar,14.84
Jamner,14.836447368421052
Ratanpur,14.833333333333334
Tiruvennainallur,14.828323353293413
Chengalpattu,14.823333333333332
Naila,14.788499999999999
Karnailganj,14.785810810810812
Ajnala,14.751166464155528
Naushera Pannuan,14.750943396226415
Nampur,14.723269230769231
Bilga (Talwan ),14.722222222222221
Kharora,14.704545454545455
Palamaner,14.655473372781065
Sarangarh,14.608333333333334
Bhakhara,14.6
Bhurkoni,14.6
Bayana,14.583333333333334
Bheemkhoj,14.575714285714286
Punhana,14.5640625
Neem Ka Thana,14.557887931034482
Rudrapur,14.552467718794835
Nawarangpur,14.51495238095238
Kamlaganj,14.475330396475771
Jaijaipur,14.422999999999998
Balod,14.418333333333335
Bhulath (Nadala),14.410919540229886
Salon,14.3720987654321
Basana,14.369354838709677
Mahasamund,14.35
Bhoring,14.35
Shivrinarayanpur,14.342500000000001
Lormi,14.303571428571429
Katni,14.2825
Pallipattu,14.28
Dehradoon,14.247496896979726
Umrane,14.246153846153845
Mulabagilu,14.201415094339621
Chura,14.200000000000001
Vayalapadu,14.17816091954023
Siddipet,14.164761904761903
Champa,14.16404255319149
Siyana,14.132203898050975
Kasdol,14.0725
Pune(Pimpri),14.071155172413793
Fazilka (Ladhuka),14.027865612648222
Channapatana,14.005088495575222
Mehta,14.000625
Chhati,14.0
Puttur,14.0
Shakot (Malsian),13.98076923076923
Komakhan,13.980526315789474
Bagpat,13.897163120567376
Sardarnagar,13.833333333333334
Dera Baba Nanak,13.7125
Devgadhbaria,13.689473684210528
Thiruvannamalai,13.675
Chutmalpur,13.666834924965896
Tendukona,13.666666666666666
Babain,13.660000000000002
Davgadbaria(Piplod),13.645
Kalanaur,13.624652777777778
Jhalap,13.6
Anantapur,13.6
Pithoura,13.583333333333334
Maholi,13.58095238095238
Petlawad,13.57534351145038
Vadodara(Sayajipura),13.555555555555555
Budhar,13.5
Lashkar(F&V),13.482758620689655
Pirda,13.466666666666667
Dhanura,13.455494505494507
Majitha,13.39225806451613
Sikanderabad,13.3687641723356
Anuppur,13.336111111111112
Kukshi,13.328399999999998
Sakra,13.325
Sarayapali,13.27357142857143
Nakodar,13.2534375
Mohamadabad,13.23879150066401
Thanabhawan,13.183266129032257
Siroli,13.161228070175438
Pandhana(F&V),13.161111111111111
Damoh(F&V),13.14655172413793
Elevancheri,13.103225806451613
Sendhwa,12.988672566371681
Desur,12.983333333333334
Shahaswan,12.980672268907563
Raikot,12.98
Makhu,12.974380165289256
Khateema,12.963175287356323
Bhogpur,12.905511811023622
Noor Mehal,12.838502673796793
Bahedi,12.801283185840708
Mulakalacheruvu,12.793457943925235
Gharaunda,12.766666666666667
Kiratpur,12.532262569832403
Valathi,12.523333333333333
Birra,12.5
Nakud,12.460178926441353
Phillaur,12.452205882352942
Shahdara,12.4
Dudhi,12.381481481481481
Dewas(F&V),12.356
Kot ise Khan,12.337025316455696
Kalikiri,12.3296875
Sagar(F&V),12.2625
Roorkee,12.204957983193276
Srinivasapur,12.199406779661016
Uttaripura,12.129166666666668
Divai,12.121983122362868
Ramnagar,12.10288844621514
Khatauli,12.079596977329976
Katra,11.955080213903743
Sangriya,11.885606060606062
Dibiapur,11.840940766550522
Niwadi,11.81
Jahanabad,11.804411764705883
Nagina,11.75952380952381
Jaspur(UC),11.706832740213523
Hargaon (Laharpur),11.581528662420382
Shahkot,11.542476635514019
Shivpuri(F&V),11.481626794258373
Khandwa(F&V),11.431929133858269
Lohian Khas,11.366814159292035
Mihipurwa,11.321011673151752
Rampurmaniharan,11.269961759082218
Chaandpur,11.222440944881889
Tilhar,11.204260731319554
Kadhle,11.041702786377709
Tanakpur,10.920454545454545
Punganur,10.85925925925926
Haridwar Union,10.815824324324325
Sri Har Gobindpur,10.771875
Gulavati,10.712873900293255
Margao,10.674999999999999
Sandi,10.584653465346534
Javer,10.462719298245615
Kapurthala,10.352604166666667
Ambajipeta,10.313793103448276
Kairana,10.299242424242424
Pune(Khadiki),10.023815028901733
Morena(F&V),9.9631
Devband,9.725407166123778
Ravulapelem,9.6
Jabalpur(F&V),9.574319727891156
Billsadda,9.5071875
Visoli,9.49642857142857
Sikarpur,9.444046511627906
Shahpur,9.257994100294985
Harike,9.197019867549669
Vijayanagaram,9.0
Khed,8.708148148148148
Parikshitgarh,8.47741935483871
Chogawan,8.420454545454545
Pali,8.25
Nissing,8.244186046511627
Guna(F&V),8.209948979591838
Satna(F&V),8.123076923076923
Raipur Rai,8.0
Porsa(F&V),7.976190476190476
Shamgarh(F&V),7.788095238095239
Kunjpura,7.359999999999999
Sultanpurchilkana,6.897246963562752
Bharatpur,6.166666666666667
Vadali,5.9737254901960775
Tanda(Rampur),5.09945652173913
Kolhapur(Malkapur),5.0
Gajwel,1.8333333333333333
